Table with row headers in column A and column headers in rows 5 through 7,,,,,,,,,,,,,,
"Number of Firms, Number of Establishments, Employment, and Annual Payroll by Enterprise Employment Size for the United States and States, Totals:  2017",,,,,,,,,, release date: 03/06/2020,,,,
,,,,,,,,,,,,,,
"SOURCE: 2017 County Business Patterns.  For information on confidentiality protection, sampling error, and nonsampling error, see https://www.census.gov/programs-surveys/susb/technical-documentation/methodology.html.",,,,,,,,,,,,,,
"For definitions, see https://www.census.gov/programs-surveys/susb/about/glossary.html.",,,,,,,,,,,,,,
The Census Bureau has reviewed this data product for unauthorized disclosure of confidential information and has approved the disclosure avoidance practices applied (Approval ID: CBDRB-FY19-460).,,,,,,,,,,,,,,
FIPS  CODE,GEOGRAPHIC AREA DESCRIPTION,ENTERPRISE EMPLOYMENT SIZE,NUMBER OF FIRMS,NUMBER OF ESTABLISHMENTS,EMPLOYMENT,EMPLOYMENT NOISE FLAG,"ANNUAL PAYROLL ($1,000)",ANNUAL PAYROLL NOISE FLAG,,,,,,
,,,,,,,,,,,,,,
,,,,,,,,,,,,,,
00,United States,01:  Total,"5,996,900","7,860,674","128,591,812",G,"6,725,346,754",G,,,,,,
00,United States,02:  <5,"3,698,086","3,703,759","5,937,081",G,"276,569,783",G,,,,,,
00,United States,03:  5-9,"1,009,851","1,022,121","6,656,073",G,"254,516,757",G,,,,,,
00,United States,04:  10-19,"631,981","666,636","8,503,293",G,"338,015,193",G,,,,,,
00,United States,05:  <20,"5,339,918","5,392,516","21,096,447",G,"869,101,733",G,,,,,,
00,United States,06:  20-99,"544,485","738,566","21,348,103",G,"928,144,057",G,,,,,,
00,United States,07:  100-499,"92,358","381,720","18,111,531",G,"914,291,189",G,,,,,,
00,United States,08:  <500,"5,976,761","6,512,802","60,556,081",G,"2,711,536,979",G,,,,,,
00,United States,09:  500+,"20,139","1,347,872","68,035,731",G,"4,013,809,775",G,,,,,,
01,Alabama,01:  Total,"74,288","100,419","1,690,061",G,"71,746,399",G,,,,,,
01,Alabama,02:  <5,"40,018","40,074","71,821",G,"2,631,606",G,,,,,,
01,Alabama,03:  5-9,"13,577","13,721","89,534",G,"2,992,152",G,,,,,,
01,Alabama,04:  10-19,"8,311","8,718","111,193",G,"3,989,696",G,,,,,,
01,Alabama,05:  <20,"61,906","62,513","272,548",G,"9,613,454",G,,,,,,
01,Alabama,06:  20-99,"7,693","10,532","282,771",G,"10,844,030",G,,,,,,
01,Alabama,07:  100-499,"2,125","5,927","247,601",G,"10,528,794",G,,,,,,
01,Alabama,08:  <500,"71,724","78,972","802,920",G,"30,986,278",G,,,,,,
01,Alabama,09:  500+,"2,564","21,447","887,141",G,"40,760,121",G,,,,,,
02,Alaska,01:  Total,"17,147","21,279","262,075",G,"15,007,844",G,,,,,,
02,Alaska,02:  <5,"10,302","10,331","14,976",G,"866,742",G,,,,,,
02,Alaska,03:  5-9,"2,917","2,958","19,178",G,"842,335",G,,,,,,
02,Alaska,04:  10-19,"1,737","1,885","23,009",G,"1,137,743",G,,,,,,
02,Alaska,05:  <20,"14,956","15,174","57,163",G,"2,846,820",G,,,,,,
02,Alaska,06:  20-99,"1,225","1,913","43,284",G,"2,170,710",G,,,,,,
02,Alaska,07:  100-499,321,"1,101","36,824",G,"1,957,463",G,,,,,,
02,Alaska,08:  <500,"16,502","18,188","137,271",G,"6,974,993",G,,,,,,
02,Alaska,09:  500+,645,"3,091","124,804",G,"8,032,851",G,,,,,,
04,Arizona,01:  Total,"109,780","143,306","2,448,538",G,"113,490,959",G,,,,,,
04,Arizona,02:  <5,"65,667","65,744","98,766",G,"4,780,400",G,,,,,,
04,Arizona,03:  5-9,"16,809","16,941","110,939",G,"4,067,837",G,,,,,,
04,Arizona,04:  10-19,"10,961","11,431","146,156",G,"5,380,219",G,,,,,,
04,Arizona,05:  <20,"93,437","94,116","355,861",G,"14,228,456",G,,,,,,
04,Arizona,06:  20-99,"10,221","12,901","379,903",G,"14,625,751",G,,,,,,
04,Arizona,07:  100-499,"2,843","7,059","329,956",G,"14,328,240",G,,,,,,
04,Arizona,08:  <500,"106,501","114,076","1,065,720",G,"43,182,447",G,,,,,,
04,Arizona,09:  500+,"3,279","29,230","1,382,818",G,"70,308,512",G,,,,,,
05,Arkansas,01:  Total,"50,929","66,786","1,030,593",G,"42,305,514",G,,,,,,
05,Arkansas,02:  <5,"28,934","28,975","48,340",G,"1,817,823",G,,,,,,
05,Arkansas,03:  5-9,"8,852","8,933","58,136",G,"1,849,778",G,,,,,,
05,Arkansas,04:  10-19,"5,262","5,545","70,141",G,"2,303,935",G,,,,,,
05,Arkansas,05:  <20,"43,048","43,453","176,617",G,"5,971,536",G,,,,,,
05,Arkansas,06:  20-99,"4,815","6,769","175,953",G,"5,948,617",G,,,,,,
05,Arkansas,07:  100-499,"1,226","3,744","138,110",G,"5,212,081",G,,,,,,
05,Arkansas,08:  <500,"49,089","53,966","490,680",G,"17,132,234",G,,,,,,
05,Arkansas,09:  500+,"1,840","12,820","539,913",G,"25,173,280",G,,,,,,
06,California,01:  Total,"763,803","941,377","14,896,625",G,"955,043,843",G,,,,,,
06,California,02:  <5,"473,641","474,301","737,168",G,"45,015,433",G,,,,,,
06,California,03:  5-9,"125,105","126,522","822,961",G,"34,917,552",G,,,,,,
06,California,04:  10-19,"78,167","81,933","1,045,084",G,"45,568,513",G,,,,,,
06,California,05:  <20,"676,913","682,756","2,605,213",G,"125,501,498",G,,,,,,
06,California,06:  20-99,"66,917","85,700","2,538,309",G,"125,088,308",G,,,,,,
06,California,07:  100-499,"13,628","39,757","2,081,423",G,"125,018,337",G,,,,,,
06,California,08:  <500,"757,458","808,213","7,224,945",G,"375,608,143",G,,,,,,
06,California,09:  500+,"6,345","133,164","7,671,680",G,"579,435,700",G,,,,,,
08,Colorado,01:  Total,"139,678","169,842","2,371,694",G,"126,786,000",G,,,,,,
08,Colorado,02:  <5,"88,892","88,981","128,510",G,"6,497,634",G,,,,,,
08,Colorado,03:  5-9,"20,192","20,353","133,335",G,"5,396,075",G,,,,,,
08,Colorado,04:  10-19,"12,859","13,353","171,676",G,"6,934,269",G,,,,,,
08,Colorado,05:  <20,"121,943","122,687","433,521",G,"18,827,978",G,,,,,,
08,Colorado,06:  20-99,"11,436","14,285","407,246",G,"17,514,041",G,,,,,,
08,Colorado,07:  100-499,"2,910","6,400","299,990",G,"16,250,366",G,,,,,,
08,Colorado,08:  <500,"136,289","143,372","1,140,757",G,"52,592,385",G,,,,,,
08,Colorado,09:  500+,"3,389","26,470","1,230,937",G,"74,193,615",G,,,,,,
09,Connecticut,01:  Total,"71,198","89,574","1,536,858",G,"95,781,512",G,,,,,,
09,Connecticut,02:  <5,"39,503","39,569","66,797",G,"3,337,485",G,,,,,,
09,Connecticut,03:  5-9,"12,583","12,688","82,714",G,"3,644,234",G,,,,,,
09,Connecticut,04:  10-19,"7,783","8,084","103,506",G,"4,820,969",G,,,,,,
09,Connecticut,05:  <20,"59,869","60,341","253,017",G,"11,802,688",G,,,,,,
09,Connecticut,06:  20-99,"7,133","8,599","260,246",G,"13,508,050",G,,,,,,
09,Connecticut,07:  100-499,"1,921","4,795","231,822",G,"12,632,070",G,,,,,,
09,Connecticut,08:  <500,"68,923","73,735","745,085",G,"37,942,808",G,,,,,,
09,Connecticut,09:  500+,"2,275","15,839","791,773",G,"57,838,704",G,,,,,,
10,Delaware,01:  Total,"20,427","25,452","400,714",G,"21,975,836",G,,,,,,
10,Delaware,02:  <5,"11,322","11,351","17,690",G,"889,325",G,,,,,,
10,Delaware,03:  5-9,"2,973","2,996","19,441",G,"817,603",G,,,,,,
10,Delaware,04:  10-19,"2,068","2,182","27,170",G,"1,126,386",G,,,,,,
10,Delaware,05:  <20,"16,363","16,529","64,301",G,"2,833,314",G,,,,,,
10,Delaware,06:  20-99,"2,056","2,495","71,082",G,"3,061,125",G,,,,,,
10,Delaware,07:  100-499,622,"1,170","51,838",G,"2,629,302",G,,,,,,
10,Delaware,08:  <500,"19,041","20,194","187,221",G,"8,523,741",G,,,,,,
10,Delaware,09:  500+,"1,386","5,258","213,493",G,"13,452,095",G,,,,,,
11,District of Columbia,01:  Total,"18,376","23,585","527,004",G,"40,999,824",G,,,,,,
11,District of Columbia,02:  <5,"8,491","8,508","14,409",G,"1,291,487",G,,,,,,
11,District of Columbia,03:  5-9,"2,853","2,865","18,683",G,"1,237,076",G,,,,,,
11,District of Columbia,04:  10-19,"1,959","2,017","25,733",G,"1,740,600",G,,,,,,
11,District of Columbia,05:  <20,"13,303","13,390","58,825",G,"4,269,163",G,,,,,,
11,District of Columbia,06:  20-99,"2,598","2,896","91,453",G,"6,086,528",G,,,,,,
11,District of Columbia,07:  100-499,"1,065","1,592","100,067",G,"7,299,855",G,,,,,,
11,District of Columbia,08:  <500,"16,966","17,878","250,345",G,"17,655,546",G,,,,,,
11,District of Columbia,09:  500+,"1,410","5,707","276,659",G,"23,344,278",G,,,,,,
12,Florida,01:  Total,"453,218","557,308","8,385,577",G,"378,219,262",G,,,,,,
12,Florida,02:  <5,"309,656","309,936","465,837",G,"19,746,791",G,,,,,,
12,Florida,03:  5-9,"62,998","63,542","413,043",G,"15,325,587",G,,,,,,
12,Florida,04:  10-19,"37,287","38,719","496,183",G,"18,569,778",G,,,,,,
12,Florida,05:  <20,"409,941","412,197","1,375,063",G,"53,642,156",G,,,,,,
12,Florida,06:  20-99,"31,289","38,729","1,163,945",G,"45,241,604",G,,,,,,
12,Florida,07:  100-499,"7,167","18,758","955,166",G,"42,941,236",G,,,,,,
12,Florida,08:  <500,"448,397","469,684","3,494,174",G,"141,824,996",G,,,,,,
12,Florida,09:  500+,"4,821","87,624","4,891,403",G,"236,394,266",G,,,,,,
13,Georgia,01:  Total,"180,656","233,500","3,888,928",G,"191,941,305",G,,,,,,
13,Georgia,02:  <5,"110,746","110,883","172,706",G,"7,625,733",G,,,,,,
13,Georgia,03:  5-9,"27,497","27,757","181,099",G,"6,663,577",G,,,,,,
13,Georgia,04:  10-19,"17,283","17,977","230,208",G,"8,624,864",G,,,,,,
13,Georgia,05:  <20,"155,526","156,617","584,013",G,"22,914,174",G,,,,,,
13,Georgia,06:  20-99,"16,468","20,455","602,156",G,"24,148,739",G,,,,,,
13,Georgia,07:  100-499,"4,397","10,405","491,493",G,"22,897,681",G,,,,,,
13,Georgia,08:  <500,"176,391","187,477","1,677,662",G,"69,960,594",G,,,,,,
13,Georgia,09:  500+,"4,265","46,023","2,211,266",G,"121,980,711",G,,,,,,
15,Hawaii,01:  Total,"25,578","32,800","544,056",G,"24,366,355",G,,,,,,
15,Hawaii,02:  <5,"14,094","14,122","23,812",G,"1,138,610",G,,,,,,
15,Hawaii,03:  5-9,"4,473","4,524","29,341",G,"1,104,367",G,,,,,,
15,Hawaii,04:  10-19,"2,755","2,908","36,704",G,"1,406,498",G,,,,,,
15,Hawaii,05:  <20,"21,322","21,554","89,857",G,"3,649,475",G,,,,,,
15,Hawaii,06:  20-99,"2,532","3,526","96,646",G,"3,779,352",G,,,,,,
15,Hawaii,07:  100-499,710,"2,110","89,405",G,"3,878,444",G,,,,,,
15,Hawaii,08:  <500,"24,564","27,190","275,908",G,"11,307,271",G,,,,,,
15,Hawaii,09:  500+,"1,014","5,610","268,148",G,"13,059,084",G,,,,,,
16,Idaho,01:  Total,"39,821","47,574","578,134",G,"23,564,597",G,,,,,,
16,Idaho,02:  <5,"24,178","24,205","36,305",G,"1,442,746",G,,,,,,
16,Idaho,03:  5-9,"6,263","6,322","41,416",G,"1,304,707",G,,,,,,
16,Idaho,04:  10-19,"3,967","4,157","52,340",G,"1,723,144",G,,,,,,
16,Idaho,05:  <20,"34,408","34,684","130,061",G,"4,470,597",G,,,,,,
16,Idaho,06:  20-99,"3,191","4,285","112,741",G,"3,987,478",G,,,,,,
16,Idaho,07:  100-499,853,"2,343","82,492",G,"3,049,305",G,,,,,,
16,Idaho,08:  <500,"38,452","41,312","325,294",G,"11,507,380",G,,,,,,
16,Idaho,09:  500+,"1,369","6,262","252,840",G,"12,057,217",G,,,,,,
17,Illinois,01:  Total,"256,497","321,135","5,497,629",G,"301,443,641",G,,,,,,
17,Illinois,02:  <5,"158,363","158,537","242,685",G,"11,482,711",G,,,,,,
17,Illinois,03:  5-9,"38,998","39,397","256,328",G,"10,388,341",G,,,,,,
17,Illinois,04:  10-19,"24,579","25,636","327,945",G,"14,189,242",G,,,,,,
17,Illinois,05:  <20,"221,940","223,570","826,958",G,"36,060,294",G,,,,,,
17,Illinois,06:  20-99,"23,552","29,787","882,411",G,"42,001,592",G,,,,,,
17,Illinois,07:  100-499,"6,175","15,317","767,589",G,"42,194,395",G,,,,,,
17,Illinois,08:  <500,"251,667","268,674","2,476,958",G,"120,256,281",G,,,,,,
17,Illinois,09:  500+,"4,830","52,461","3,020,671",G,"181,187,360",G,,,,,,
18,Indiana,01:  Total,"109,706","148,377","2,779,124",G,"122,892,875",G,,,,,,
18,Indiana,02:  <5,"59,564","59,665","101,293",G,"3,841,041",G,,,,,,
18,Indiana,03:  5-9,"19,198","19,395","126,614",G,"4,197,817",G,,,,,,
18,Indiana,04:  10-19,"12,621","13,257","169,021",G,"5,855,396",G,,,,,,
18,Indiana,05:  <20,"91,383","92,317","396,928",G,"13,894,254",G,,,,,,
18,Indiana,06:  20-99,"11,827","15,565","440,715",G,"16,858,340",G,,,,,,
18,Indiana,07:  100-499,"3,185","8,980","395,195",G,"17,132,734",G,,,,,,
18,Indiana,08:  <500,"106,395","116,862","1,232,838",G,"47,885,328",G,,,,,,
18,Indiana,09:  500+,"3,311","31,515","1,546,286",G,"75,007,547",G,,,,,,
19,Iowa,01:  Total,"63,200","82,685","1,353,681",G,"58,926,050",G,,,,,,
19,Iowa,02:  <5,"36,442","36,486","59,673",G,"2,225,682",G,,,,,,
19,Iowa,03:  5-9,"10,460","10,598","68,879",G,"2,247,445",G,,,,,,
19,Iowa,04:  10-19,"6,692","7,208","89,353",G,"3,070,490",G,,,,,,
19,Iowa,05:  <20,"53,594","54,292","217,905",G,"7,543,617",G,,,,,,
19,Iowa,06:  20-99,"5,973","8,856","219,483",G,"8,484,592",G,,,,,,
19,Iowa,07:  100-499,"1,668","5,881","212,408",G,"9,114,358",G,,,,,,
19,Iowa,08:  <500,"61,235","69,029","649,796",G,"25,142,567",G,,,,,,
19,Iowa,09:  500+,"1,965","13,656","703,885",G,"33,783,483",G,,,,,,
20,Kansas,01:  Total,"57,898","74,947","1,199,162",G,"52,754,605",G,,,,,,
20,Kansas,02:  <5,"32,503","32,537","54,579",G,"2,022,121",G,,,,,,
20,Kansas,03:  5-9,"9,710","9,828","63,890",G,"2,105,672",G,,,,,,
20,Kansas,04:  10-19,"6,080","6,428","80,987",G,"2,833,819",G,,,,,,
20,Kansas,05:  <20,"48,293","48,793","199,456",G,"6,961,612",G,,,,,,
20,Kansas,06:  20-99,"5,715","7,861","209,722",G,"7,991,942",G,,,,,,
20,Kansas,07:  100-499,"1,674","4,861","195,969",G,"8,565,627",G,,,,,,
20,Kansas,08:  <500,"55,682","61,515","605,147",G,"23,519,181",G,,,,,,
20,Kansas,09:  500+,"2,216","13,432","594,015",G,"29,235,424",G,,,,,,
21,Kentucky,01:  Total,"67,311","91,241","1,625,006",G,"67,733,358",G,,,,,,
21,Kentucky,02:  <5,"36,697","36,742","63,676",G,"2,276,652",G,,,,,,
21,Kentucky,03:  5-9,"11,834","11,935","78,105",G,"2,476,693",G,,,,,,
21,Kentucky,04:  10-19,"7,424","7,840","98,870",G,"3,263,086",G,,,,,,
21,Kentucky,05:  <20,"55,955","56,517","240,651",G,"8,016,431",G,,,,,,
21,Kentucky,06:  20-99,"6,888","9,333","251,727",G,"9,156,727",G,,,,,,
21,Kentucky,07:  100-499,"1,925","5,486","220,099",G,"9,054,299",G,,,,,,
21,Kentucky,08:  <500,"64,768","71,336","712,477",G,"26,227,457",G,,,,,,
21,Kentucky,09:  500+,"2,543","19,905","912,529",G,"41,505,901",G,,,,,,
22,Louisiana,01:  Total,"81,413","106,599","1,688,674",G,"75,415,899",G,,,,,,
22,Louisiana,02:  <5,"44,181","44,265","75,505",G,"3,164,347",G,,,,,,
22,Louisiana,03:  5-9,"14,676","14,843","96,630",G,"3,355,613",G,,,,,,
22,Louisiana,04:  10-19,"9,291","9,838","124,393",G,"4,511,628",G,,,,,,
22,Louisiana,05:  <20,"68,148","68,946","296,528",G,"11,031,588",G,,,,,,
22,Louisiana,06:  20-99,"8,829","11,619","334,739",G,"12,703,123",G,,,,,,
22,Louisiana,07:  100-499,"2,166","6,421","273,880",G,"12,562,214",G,,,,,,
22,Louisiana,08:  <500,"79,143","86,986","905,147",G,"36,296,925",G,,,,,,
22,Louisiana,09:  500+,"2,270","19,613","783,527",G,"39,118,974",G,,,,,,
23,Maine,01:  Total,"34,190","41,622","513,745",G,"22,349,651",G,,,,,,
23,Maine,02:  <5,"21,125","21,138","32,363",G,"1,355,278",G,,,,,,
23,Maine,03:  5-9,"5,350","5,402","35,206",G,"1,225,168",G,,,,,,
23,Maine,04:  10-19,"3,257","3,432","43,543",G,"1,526,247",G,,,,,,
23,Maine,05:  <20,"29,732","29,972","111,112",G,"4,106,693",G,,,,,,
23,Maine,06:  20-99,"2,670","3,814","97,595",G,"3,645,687",G,,,,,,
23,Maine,07:  100-499,654,"2,352","85,165",G,"3,536,470",G,,,,,,
23,Maine,08:  <500,"33,056","36,138","293,872",G,"11,288,850",G,,,,,,
23,Maine,09:  500+,"1,134","5,484","219,873",G,"11,060,801",G,,,,,,
24,Maryland,01:  Total,"109,974","139,446","2,335,479",G,"126,632,897",G,,,,,,
24,Maryland,02:  <5,"62,765","62,838","102,621",G,"4,979,979",G,,,,,,
24,Maryland,03:  5-9,"18,100","18,250","119,124",G,"5,099,398",G,,,,,,
24,Maryland,04:  10-19,"11,859","12,341","158,609",G,"6,996,929",G,,,,,,
24,Maryland,05:  <20,"92,724","93,429","380,354",G,"17,076,306",G,,,,,,
24,Maryland,06:  20-99,"11,374","13,717","423,757",G,"20,731,038",G,,,,,,
24,Maryland,07:  100-499,"2,917","6,935","351,430",G,"19,000,047",G,,,,,,
24,Maryland,08:  <500,"107,015","114,081","1,155,541",G,"56,807,391",G,,,,,,
24,Maryland,09:  500+,"2,959","25,365","1,179,938",G,"69,825,506",G,,,,,,
25,Massachusetts,01:  Total,"144,078","179,828","3,316,716",G,"216,666,284",G,,,,,,
25,Massachusetts,02:  <5,"83,268","83,363","137,128",G,"7,594,521",G,,,,,,
25,Massachusetts,03:  5-9,"24,630","24,868","161,987",G,"7,497,000",G,,,,,,
25,Massachusetts,04:  10-19,"15,234","15,829","202,948",G,"9,983,087",G,,,,,,
25,Massachusetts,05:  <20,"123,132","124,060","502,063",G,"25,074,608",G,,,,,,
25,Massachusetts,06:  20-99,"13,915","16,946","523,411",G,"28,660,579",G,,,,,,
25,Massachusetts,07:  100-499,"3,674","8,797","482,491",G,"30,210,859",G,,,,,,
25,Massachusetts,08:  <500,"140,721","149,803","1,507,965",G,"83,946,046",G,,,,,,
25,Massachusetts,09:  500+,"3,357","30,025","1,808,751",G,"132,720,238",G,,,,,,
26,Michigan,01:  Total,"174,092","222,553","3,859,949",G,"186,678,533",G,,,,,,
26,Michigan,02:  <5,"98,742","98,881","162,156",G,"7,244,235",G,,,,,,
26,Michigan,03:  5-9,"30,562","30,853","201,905",G,"7,516,206",G,,,,,,
26,Michigan,04:  10-19,"19,769","20,729","264,662",G,"10,401,216",G,,,,,,
26,Michigan,05:  <20,"149,073","150,463","628,723",G,"25,161,657",G,,,,,,
26,Michigan,06:  20-99,"17,610","23,031","673,020",G,"28,274,641",G,,,,,,
26,Michigan,07:  100-499,"4,050","12,003","590,651",G,"28,190,613",G,,,,,,
26,Michigan,08:  <500,"170,733","185,497","1,892,394",G,"81,626,911",G,,,,,,
26,Michigan,09:  500+,"3,359","37,056","1,967,555",G,"105,051,622",G,,,,,,
27,Minnesota,01:  Total,"119,376","151,816","2,685,047",G,"142,129,457",G,,,,,,
27,Minnesota,02:  <5,"70,908","70,972","106,530",G,"4,974,453",G,,,,,,
27,Minnesota,03:  5-9,"18,349","18,565","120,621",G,"4,697,130",G,,,,,,
27,Minnesota,04:  10-19,"12,220","12,821","163,770",G,"6,399,854",G,,,,,,
27,Minnesota,05:  <20,"101,477","102,358","390,921",G,"16,071,437",G,,,,,,
27,Minnesota,06:  20-99,"12,032","15,795","457,912",G,"19,587,249",G,,,,,,
27,Minnesota,07:  100-499,"2,981","8,908","410,179",G,"19,226,479",G,,,,,,
27,Minnesota,08:  <500,"116,490","127,061","1,259,012",G,"54,885,165",G,,,,,,
27,Minnesota,09:  500+,"2,886","24,755","1,426,035",G,"87,244,292",G,,,,,,
28,Mississippi,01:  Total,"44,508","59,294","939,485",G,"35,366,718",G,,,,,,
28,Mississippi,02:  <5,"24,136","24,166","42,790",G,"1,478,765",G,,,,,,
28,Mississippi,03:  5-9,"8,258","8,389","54,092",G,"1,622,164",G,,,,,,
28,Mississippi,04:  10-19,"4,946","5,275","65,401",G,"2,047,773",G,,,,,,
28,Mississippi,05:  <20,"37,340","37,830","162,283",G,"5,148,702",G,,,,,,
28,Mississippi,06:  20-99,"4,184","5,670","151,877",G,"5,165,627",G,,,,,,
28,Mississippi,07:  100-499,"1,152","3,456","123,082",G,"4,614,317",G,,,,,,
28,Mississippi,08:  <500,"42,676","46,956","437,242",G,"14,928,646",G,,,,,,
28,Mississippi,09:  500+,"1,832","12,338","502,243",G,"20,438,072",G,,,,,,
29,Missouri,01:  Total,"115,355","150,882","2,517,204",G,"116,773,811",G,,,,,,
29,Missouri,02:  <5,"67,778","67,858","110,308",G,"4,037,903",G,,,,,,
29,Missouri,03:  5-9,"18,478","18,694","121,620",G,"4,192,214",G,,,,,,
29,Missouri,04:  10-19,"11,732","12,302","156,668",G,"5,551,973",G,,,,,,
29,Missouri,05:  <20,"97,988","98,854","388,596",G,"13,782,090",G,,,,,,
29,Missouri,06:  20-99,"11,498","15,396","431,013",G,"16,455,579",G,,,,,,
29,Missouri,07:  100-499,"2,797","7,914","344,173",G,"15,392,634",G,,,,,,
29,Missouri,08:  <500,"112,283","122,164","1,163,782",G,"45,630,303",G,,,,,,
29,Missouri,09:  500+,"3,072","28,718","1,353,422",G,"71,143,508",G,,,,,,
30,Montana,01:  Total,"32,812","38,192","376,565",G,"14,773,193",G,,,,,,
30,Montana,02:  <5,"20,667","20,687","30,918",G,"1,178,487",G,,,,,,
30,Montana,03:  5-9,"5,277","5,329","34,615",G,"1,085,628",G,,,,,,
30,Montana,04:  10-19,"3,121","3,298","41,277",G,"1,364,332",G,,,,,,
30,Montana,05:  <20,"29,065","29,314","106,810",G,"3,628,447",G,,,,,,
30,Montana,06:  20-99,"2,300","3,172","81,258",G,"2,809,968",G,,,,,,
30,Montana,07:  100-499,534,"1,610","57,690",G,"2,363,808",G,,,,,,
30,Montana,08:  <500,"31,899","34,096","245,758",G,"8,802,223",G,,,,,,
30,Montana,09:  500+,913,"4,096","130,807",G,"5,970,970",G,,,,,,
31,Nebraska,01:  Total,"43,709","54,954","833,472",G,"36,415,429",G,,,,,,
31,Nebraska,02:  <5,"25,582","25,606","41,525",G,"1,518,078",G,,,,,,
31,Nebraska,03:  5-9,"7,049","7,126","46,412",G,"1,574,855",G,,,,,,
31,Nebraska,04:  10-19,"4,368","4,624","58,224",G,"2,007,101",G,,,,,,
31,Nebraska,05:  <20,"36,999","37,356","146,161",G,"5,100,034",G,,,,,,
31,Nebraska,06:  20-99,"4,083","5,729","148,035",G,"5,539,479",G,,,,,,
31,Nebraska,07:  100-499,"1,047","3,316","118,391",G,"5,168,582",G,,,,,,
31,Nebraska,08:  <500,"42,129","46,401","412,587",G,"15,808,095",G,,,,,,
31,Nebraska,09:  500+,"1,580","8,553","420,885",G,"20,607,334",G,,,,,,
32,Nevada,01:  Total,"52,629","66,430","1,191,625",G,"50,960,493",G,,,,,,
32,Nevada,02:  <5,"30,035","30,103","45,036",G,"2,542,123",G,,,,,,
32,Nevada,03:  5-9,"8,133","8,219","53,682",G,"2,091,457",G,,,,,,
32,Nevada,04:  10-19,"5,395","5,605","71,530",G,"2,771,669",G,,,,,,
32,Nevada,05:  <20,"43,563","43,927","170,248",G,"7,405,249",G,,,,,,
32,Nevada,06:  20-99,"5,074","6,414","176,944",G,"6,967,992",G,,,,,,
32,Nevada,07:  100-499,"1,689","3,567","155,952",G,"6,099,297",G,,,,,,
32,Nevada,08:  <500,"50,326","53,908","503,144",G,"20,472,538",G,,,,,,
32,Nevada,09:  500+,"2,303","12,522","688,481",G,"30,487,955",G,,,,,,
33,New Hampshire,01:  Total,"30,837","38,371","603,923",G,"30,634,092",G,,,,,,
33,New Hampshire,02:  <5,"16,866","16,894","28,265",G,"1,361,390",G,,,,,,
33,New Hampshire,03:  5-9,"5,307","5,361","35,080",G,"1,468,239",G,,,,,,
33,New Hampshire,04:  10-19,"3,358","3,466","44,531",G,"1,905,069",G,,,,,,
33,New Hampshire,05:  <20,"25,531","25,721","107,876",G,"4,734,698",G,,,,,,
33,New Hampshire,06:  20-99,"3,119","3,860","109,009",G,"5,168,585",G,,,,,,
33,New Hampshire,07:  100-499,802,"2,025","83,743",G,"4,333,264",G,,,,,,
33,New Hampshire,08:  <500,"29,452","31,606","300,628",G,"14,236,547",G,,,,,,
33,New Hampshire,09:  500+,"1,385","6,765","303,295",G,"16,397,545",G,,,,,,
34,New Jersey,01:  Total,"194,720","233,907","3,679,443",G,"220,310,440",G,,,,,,
34,New Jersey,02:  <5,"118,435","118,557","196,872",G,"9,210,827",G,,,,,,
34,New Jersey,03:  5-9,"31,984","32,236","209,939",G,"8,689,937",G,,,,,,
34,New Jersey,04:  10-19,"19,296","19,944","257,176",G,"11,646,496",G,,,,,,
34,New Jersey,05:  <20,"169,715","170,737","663,987",G,"29,547,260",G,,,,,,
34,New Jersey,06:  20-99,"17,448","20,283","646,905",G,"31,759,048",G,,,,,,
34,New Jersey,07:  100-499,"4,128","8,837","525,272",G,"29,780,080",G,,,,,,
34,New Jersey,08:  <500,"191,291","199,857","1,836,164",G,"91,086,388",G,,,,,,
34,New Jersey,09:  500+,"3,429","34,050","1,843,279",G,"129,224,052",G,,,,,,
35,New Mexico,01:  Total,"34,520","44,039","626,466",G,"25,723,101",G,,,,,,
35,New Mexico,02:  <5,"18,881","18,905","31,584",G,"1,209,790",G,,,,,,
35,New Mexico,03:  5-9,"5,792","5,838","38,169",G,"1,279,184",G,,,,,,
35,New Mexico,04:  10-19,"3,850","4,029","51,241",G,"1,759,694",G,,,,,,
35,New Mexico,05:  <20,"28,523","28,772","120,994",G,"4,248,668",G,,,,,,
35,New Mexico,06:  20-99,"3,410","4,416","119,135",G,"4,314,486",G,,,,,,
35,New Mexico,07:  100-499,972,"2,547","99,602",G,"3,976,485",G,,,,,,
35,New Mexico,08:  <500,"32,905","35,735","339,731",G,"12,539,639",G,,,,,,
35,New Mexico,09:  500+,"1,615","8,304","286,735",G,"13,183,462",G,,,,,,
36,New York,01:  Total,"465,566","547,034","8,261,269",G,"547,344,236",G,,,,,,
36,New York,02:  <5,"303,254","303,494","485,770",G,"23,909,563",G,,,,,,
36,New York,03:  5-9,"71,176","71,688","465,976",G,"19,836,737",G,,,,,,
36,New York,04:  10-19,"42,180","43,451","563,437",G,"25,638,091",G,,,,,,
36,New York,05:  <20,"416,610","418,633","1,515,183",G,"69,384,391",G,,,,,,
36,New York,06:  20-99,"36,094","43,256","1,353,511",G,"70,762,120",G,,,,,,
36,New York,07:  100-499,"8,085","19,903","1,241,570",G,"79,592,204",G,,,,,,
36,New York,08:  <500,"460,789","481,792","4,110,264",G,"219,738,715",G,,,,,,
36,New York,09:  500+,"4,777","65,242","4,151,005",G,"327,605,521",G,,,,,,
37,North Carolina,01:  Total,"177,764","233,363","3,774,377",G,"175,695,531",G,,,,,,
37,North Carolina,02:  <5,"105,186","105,313","169,115",G,"6,771,149",G,,,,,,
37,North Carolina,03:  5-9,"29,174","29,477","191,772",G,"6,686,602",G,,,,,,
37,North Carolina,04:  10-19,"18,559","19,508","247,539",G,"8,668,767",G,,,,,,
37,North Carolina,05:  <20,"152,919","154,298","608,426",G,"22,126,518",G,,,,,,
37,North Carolina,06:  20-99,"17,075","22,339","626,990",G,"23,021,089",G,,,,,,
37,North Carolina,07:  100-499,"3,972","11,112","475,474",G,"20,710,804",G,,,,,,
37,North Carolina,08:  <500,"173,966","187,749","1,710,890",G,"65,858,411",G,,,,,,
37,North Carolina,09:  500+,"3,798","45,614","2,063,487",G,"109,837,120",G,,,,,,
38,North Dakota,01:  Total,"19,789","24,596","340,521",G,"16,337,205",G,,,,,,
38,North Dakota,02:  <5,"11,002","11,008","17,723",G,"755,493",G,,,,,,
38,North Dakota,03:  5-9,"3,205","3,243","20,945",G,"797,869",G,,,,,,
38,North Dakota,04:  10-19,"2,192","2,330","29,401",G,"1,168,429",G,,,,,,
38,North Dakota,05:  <20,"16,399","16,581","68,069",G,"2,721,791",G,,,,,,
38,North Dakota,06:  20-99,"1,915","2,780","67,271",G,"2,889,752",G,,,,,,
38,North Dakota,07:  100-499,571,"1,618","59,972",G,"2,748,537",G,,,,,,
38,North Dakota,08:  <500,"18,885","20,979","195,312",G,"8,360,080",G,,,,,,
38,North Dakota,09:  500+,904,"3,617","145,209",G,"7,977,125",G,,,,,,
39,Ohio,01:  Total,"183,903","253,001","4,815,946",G,"224,627,609",G,,,,,,
39,Ohio,02:  <5,"98,058","98,207","169,006",G,"6,800,346",G,,,,,,
39,Ohio,03:  5-9,"33,485","33,852","220,879",G,"7,620,218",G,,,,,,
39,Ohio,04:  10-19,"22,434","23,671","300,116",G,"11,006,800",G,,,,,,
39,Ohio,05:  <20,"153,977","155,730","690,001",G,"25,427,364",G,,,,,,
39,Ohio,06:  20-99,"20,647","27,342","781,088",G,"31,061,405",G,,,,,,
39,Ohio,07:  100-499,"5,119","15,229","709,248",G,"31,368,022",G,,,,,,
39,Ohio,08:  <500,"179,743","198,301","2,180,337",G,"87,856,791",G,,,,,,
39,Ohio,09:  500+,"4,160","54,700","2,635,609",G,"136,770,818",G,,,,,,
40,Oklahoma,01:  Total,"72,912","93,674","1,360,720",G,"59,669,532",G,,,,,,
40,Oklahoma,02:  <5,"42,800","42,841","70,642",G,"2,790,525",G,,,,,,
40,Oklahoma,03:  5-9,"12,118","12,245","79,775",G,"2,688,111",G,,,,,,
40,Oklahoma,04:  10-19,"7,304","7,758","96,894",G,"3,412,272",G,,,,,,
40,Oklahoma,05:  <20,"62,222","62,844","247,311",G,"8,890,908",G,,,,,,
40,Oklahoma,06:  20-99,"6,619","8,984","245,691",G,"9,294,334",G,,,,,,
40,Oklahoma,07:  100-499,"1,822","5,492","217,269",G,"9,415,392",G,,,,,,
40,Oklahoma,08:  <500,"70,663","77,320","710,271",G,"27,600,634",G,,,,,,
40,Oklahoma,09:  500+,"2,249","16,354","650,449",G,"32,068,898",G,,,,,,
41,Oregon,01:  Total,"95,045","117,357","1,596,637",G,"79,111,280",G,,,,,,
41,Oregon,02:  <5,"55,688","55,779","90,626",G,"3,712,750",G,,,,,,
41,Oregon,03:  5-9,"16,312","16,500","107,704",G,"3,711,762",G,,,,,,
41,Oregon,04:  10-19,"10,255","10,732","136,434",G,"4,950,417",G,,,,,,
41,Oregon,05:  <20,"82,255","83,011","334,764",G,"12,374,929",G,,,,,,
41,Oregon,06:  20-99,"8,416","11,312","301,195",G,"12,490,499",G,,,,,,
41,Oregon,07:  100-499,"2,021","6,443","235,282",G,"10,863,825",G,,,,,,
41,Oregon,08:  <500,"92,692","100,766","871,241",G,"35,729,253",G,,,,,,
41,Oregon,09:  500+,"2,353","16,591","725,396",G,"43,382,027",G,,,,,,
42,Pennsylvania,01:  Total,"230,077","302,772","5,433,660",G,"270,592,656",G,,,,,,
42,Pennsylvania,02:  <5,"129,499","129,681","223,480",G,"9,238,831",G,,,,,,
42,Pennsylvania,03:  5-9,"41,043","41,437","269,783",G,"9,690,350",G,,,,,,
42,Pennsylvania,04:  10-19,"25,902","27,186","346,175",G,"13,337,490",G,,,,,,
42,Pennsylvania,05:  <20,"196,444","198,304","839,438",G,"32,266,671",G,,,,,,
42,Pennsylvania,06:  20-99,"23,705","30,784","898,733",G,"38,776,757",G,,,,,,
42,Pennsylvania,07:  100-499,"5,602","16,171","774,462",G,"36,912,719",G,,,,,,
42,Pennsylvania,08:  <500,"225,751","245,259","2,512,633",G,"107,956,147",G,,,,,,
42,Pennsylvania,09:  500+,"4,326","57,513","2,921,027",G,"162,636,509",G,,,,,,
44,Rhode Island,01:  Total,"24,229","28,783","435,978",G,"20,945,444",G,,,,,,
44,Rhode Island,02:  <5,"13,813","13,831","22,662",G,"1,023,097",G,,,,,,
44,Rhode Island,03:  5-9,"3,944","3,969","25,974",G,"1,023,615",G,,,,,,
44,Rhode Island,04:  10-19,"2,467","2,543","32,943",G,"1,345,444",G,,,,,,
44,Rhode Island,05:  <20,"20,224","20,343","81,579",G,"3,392,156",G,,,,,,
44,Rhode Island,06:  20-99,"2,277","2,704","81,142",G,"3,390,711",G,,,,,,
44,Rhode Island,07:  100-499,580,"1,273","66,491",G,"3,152,047",G,,,,,,
44,Rhode Island,08:  <500,"23,081","24,320","229,212",G,"9,934,914",G,,,,,,
44,Rhode Island,09:  500+,"1,148","4,463","206,766",G,"11,010,530",H,,,,,,
45,South Carolina,01:  Total,"83,040","109,238","1,866,451",G,"76,707,295",G,,,,,,
45,South Carolina,02:  <5,"47,317","47,385","78,976",G,"3,102,116",G,,,,,,
45,South Carolina,03:  5-9,"13,867","14,038","91,231",G,"3,035,552",G,,,,,,
45,South Carolina,04:  10-19,"8,996","9,436","120,181",G,"4,162,386",G,,,,,,
45,South Carolina,05:  <20,"70,180","70,859","290,388",G,"10,300,054",G,,,,,,
45,South Carolina,06:  20-99,"8,044","10,157","290,882",G,"10,114,430",G,,,,,,
45,South Carolina,07:  100-499,"2,158","5,679","235,738",G,"9,237,826",G,,,,,,
45,South Carolina,08:  <500,"80,382","86,695","817,008",G,"29,652,310",G,,,,,,
45,South Carolina,09:  500+,"2,658","22,543","1,049,443",G,"47,054,985",G,,,,,,
46,South Dakota,01:  Total,"22,376","27,099","359,643",G,"14,719,422",G,,,,,,
46,South Dakota,02:  <5,"12,873","12,892","21,031",G,"794,828",G,,,,,,
46,South Dakota,03:  5-9,"3,701","3,732","24,213",G,"765,588",G,,,,,,
46,South Dakota,04:  10-19,"2,337","2,475","31,048",G,"1,014,130",G,,,,,,
46,South Dakota,05:  <20,"18,911","19,099","76,292",G,"2,574,546",G,,,,,,
46,South Dakota,06:  20-99,"1,994","2,847","70,523",G,"2,553,499",G,,,,,,
46,South Dakota,07:  100-499,573,"1,820","62,588",G,"2,424,340",G,,,,,,
46,South Dakota,08:  <500,"21,478","23,766","209,403",G,"7,552,385",G,,,,,,
46,South Dakota,09:  500+,898,"3,333","150,240",G,"7,167,037",G,,,,,,
47,Tennessee,01:  Total,"99,432","137,918","2,650,007",G,"120,113,689",G,,,,,,
47,Tennessee,02:  <5,"52,464","52,559","92,515",G,"3,807,028",G,,,,,,
47,Tennessee,03:  5-9,"18,064","18,289","119,010",G,"4,173,703",G,,,,,,
47,Tennessee,04:  10-19,"11,416","11,951","152,584",G,"5,803,750",G,,,,,,
47,Tennessee,05:  <20,"81,944","82,799","364,109",G,"13,784,481",G,,,,,,
47,Tennessee,06:  20-99,"11,048","14,540","404,941",G,"16,781,979",G,,,,,,
47,Tennessee,07:  100-499,"3,052","8,153","347,820",G,"15,622,346",G,,,,,,
47,Tennessee,08:  <500,"96,044","105,492","1,116,870",G,"46,188,806",G,,,,,,
47,Tennessee,09:  500+,"3,388","32,426","1,533,137",G,"73,924,883",G,,,,,,
48,Texas,01:  Total,"442,641","592,677","10,580,160",G,"544,772,560",G,,,,,,
48,Texas,02:  <5,"256,690","257,077","425,117",G,"20,961,936",G,,,,,,
48,Texas,03:  5-9,"75,501","76,423","497,494",G,"19,548,791",G,,,,,,
48,Texas,04:  10-19,"48,921","51,332","655,183",G,"25,974,654",G,,,,,,
48,Texas,05:  <20,"381,112","384,832","1,577,794",G,"66,485,381",G,,,,,,
48,Texas,06:  20-99,"44,946","58,420","1,705,969",G,"72,003,678",G,,,,,,
48,Texas,07:  100-499,"10,488","30,029","1,485,175",G,"73,836,940",G,,,,,,
48,Texas,08:  <500,"436,546","473,281","4,768,938",G,"212,325,999",G,,,,,,
48,Texas,09:  500+,"6,095","119,396","5,811,222",G,"332,446,561",G,,,,,,
49,Utah,01:  Total,"66,567","80,140","1,282,455",G,"58,191,764",G,,,,,,
49,Utah,02:  <5,"41,219","41,283","57,402",G,"2,576,363",G,,,,,,
49,Utah,03:  5-9,"9,471","9,563","62,226",G,"2,174,885",G,,,,,,
49,Utah,04:  10-19,"6,515","6,757","86,667",G,"2,984,218",G,,,,,,
49,Utah,05:  <20,"57,205","57,603","206,295",G,"7,735,466",G,,,,,,
49,Utah,06:  20-99,"5,802","7,371","217,492",G,"8,562,045",G,,,,,,
49,Utah,07:  100-499,"1,464","3,322","166,630",G,"7,736,089",G,,,,,,
49,Utah,08:  <500,"64,471","68,296","590,417",G,"24,033,600",G,,,,,,
49,Utah,09:  500+,"2,096","11,844","692,038",G,"34,158,164",G,,,,,,
50,Vermont,01:  Total,"18,024","21,158","258,876",G,"11,052,209",G,,,,,,
50,Vermont,02:  <5,"10,474","10,480","17,250",G,"711,652",G,,,,,,
50,Vermont,03:  5-9,"3,044","3,075","19,976",G,"713,137",G,,,,,,
50,Vermont,04:  10-19,"1,826","1,928","24,084",G,"865,806",G,,,,,,
50,Vermont,05:  <20,"15,344","15,483","61,310",G,"2,290,595",G,,,,,,
50,Vermont,06:  20-99,"1,548","2,101","54,337",G,"2,222,946",G,,,,,,
50,Vermont,07:  100-499,362,"1,005","41,675",G,"1,861,656",G,,,,,,
50,Vermont,08:  <500,"17,254","18,589","157,322",G,"6,375,197",G,,,,,,
50,Vermont,09:  500+,770,"2,569","101,554",G,"4,677,012",G,,,,,,
51,Virginia,01:  Total,"153,381","201,893","3,310,542",G,"177,105,769",G,,,,,,
51,Virginia,02:  <5,"88,843","88,940","146,186",G,"6,465,868",G,,,,,,
51,Virginia,03:  5-9,"25,218","25,486","165,869",G,"6,398,699",G,,,,,,
51,Virginia,04:  10-19,"16,598","17,298","221,473",G,"9,007,127",G,,,,,,
51,Virginia,05:  <20,"130,659","131,724","533,528",G,"21,871,694",G,,,,,,
51,Virginia,06:  20-99,"15,353","19,383","563,092",G,"25,920,091",G,,,,,,
51,Virginia,07:  100-499,"3,768","9,803","461,342",G,"25,617,431",G,,,,,,
51,Virginia,08:  <500,"149,780","160,910","1,557,962",G,"73,409,216",G,,,,,,
51,Virginia,09:  500+,"3,601","40,983","1,752,580",G,"103,696,553",G,,,,,,
53,Washington,01:  Total,"155,625","191,045","2,768,660",G,"169,766,372",G,,,,,,
53,Washington,02:  <5,"93,460","93,566","146,053",G,"6,796,477",G,,,,,,
53,Washington,03:  5-9,"26,207","26,448","171,985",G,"6,736,931",G,,,,,,
53,Washington,04:  10-19,"16,221","16,906","215,099",G,"9,013,612",G,,,,,,
53,Washington,05:  <20,"135,888","136,920","533,137",G,"22,547,020",G,,,,,,
53,Washington,06:  20-99,"13,357","17,324","479,421",G,"22,819,686",G,,,,,,
53,Washington,07:  100-499,"3,243","8,745","391,519",G,"21,973,782",G,,,,,,
53,Washington,08:  <500,"152,488","162,989","1,404,077",G,"67,340,488",G,,,,,,
53,Washington,09:  500+,"3,137","28,056","1,364,583",G,"102,425,884",G,,,,,,
54,West Virginia,01:  Total,"26,749","36,522","549,413",G,"22,287,060",G,,,,,,
54,West Virginia,02:  <5,"14,100","14,112","25,560",G,"818,457",G,,,,,,
54,West Virginia,03:  5-9,"4,997","5,048","32,757",G,"964,737",G,,,,,,
54,West Virginia,04:  10-19,"2,994","3,199","39,726",G,"1,307,571",G,,,,,,
54,West Virginia,05:  <20,"22,091","22,359","98,043",G,"3,090,765",G,,,,,,
54,West Virginia,06:  20-99,"2,598","3,828","92,843",G,"3,320,650",G,,,,,,
54,West Virginia,07:  100-499,747,"2,237","78,903",G,"3,003,537",G,,,,,,
54,West Virginia,08:  <500,"25,436","28,424","269,789",G,"9,414,952",G,,,,,,
54,West Virginia,09:  500+,"1,313","8,098","279,624",G,"12,872,108",G,,,,,,
55,Wisconsin,01:  Total,"109,023","142,136","2,561,381",G,"121,061,234",G,,,,,,
55,Wisconsin,02:  <5,"58,991","59,079","98,188",G,"3,983,957",G,,,,,,
55,Wisconsin,03:  5-9,"19,212","19,426","126,685",G,"4,307,125",G,,,,,,
55,Wisconsin,04:  10-19,"12,887","13,579","172,817",G,"6,108,095",G,,,,,,
55,Wisconsin,05:  <20,"91,090","92,084","397,690",G,"14,399,177",G,,,,,,
55,Wisconsin,06:  20-99,"12,274","16,859","465,746",G,"18,073,666",G,,,,,,
55,Wisconsin,07:  100-499,"2,896","8,411","403,651",G,"17,814,760",G,,,,,,
55,Wisconsin,08:  <500,"106,260","117,354","1,267,087",G,"50,287,603",G,,,,,,
55,Wisconsin,09:  500+,"2,763","24,782","1,294,294",G,"70,773,631",G,,,,,,
56,Wyoming,01:  Total,"18,125","21,148","201,864",G,"9,436,110",G,,,,,,
56,Wyoming,02:  <5,"11,046","11,052","17,135",G,"769,149",G,,,,,,
56,Wyoming,03:  5-9,"2,900","2,934","19,101",G,"669,304",G,,,,,,
56,Wyoming,04:  10-19,"1,702","1,785","22,240",G,"834,419",G,,,,,,
56,Wyoming,05:  <20,"15,648","15,771","58,476",G,"2,272,872",G,,,,,,
56,Wyoming,06:  20-99,"1,306","1,886","42,833",G,"1,804,113",G,,,,,,
56,Wyoming,07:  100-499,378,901,"27,574",G,"1,259,196",G,,,,,,
56,Wyoming,08:  <500,"17,332","18,558","128,883",G,"5,336,181",G,,,,,,
56,Wyoming,09:  500+,793,"2,590","72,981",G,"4,099,929",G,,,,,,
